[
 {
  "city": "Aalo"
 },
 {
  "city": "Abohar"
 },
 {
  "city": "Abu Dhabi"
 },
 {
  "city": "Abu Road"
 },
 {
  "city": "Acharapakkam"
 },
 {
  "city": "Adilabad"
 },
 {
  "city": "Adimali"
 },
 {
  "city": "Agar Malwa"
 },
 {
  "city": "Agartala"
 },
 {
  "city": "Agiripalli"
 },
 {
  "city": "Agra"
 },
 {
  "city": "Ahmedgarh"
 },
 {
  "city": "Ahmednagar"
 },
 {
  "city": "Ahore"
 },
 {
  "city": "Aizawl"
 },
 {
  "city": "Ajmer"
 },
 {
  "city": "Akaltara"
 },
 {
  "city": "Akbarpur"
 },
 {
  "city": "Akividu"
 },
 {
  "city": "Akluj"
 },
 {
  "city": "Akola"
 },
 {
  "city": "Alakode"
 },
 {
  "city": "Alangudi"
 },
 {
  "city": "Alappuzha Alathur"
 },
 {
  "city": "Alibaug"
 },
 {
  "city": "Aligarh"
 },
 {
  "city": "Allagadda Almora"
 },
 {
  "city": "Alur"
 },
 {
  "city": "Alwar"
 },
 {
  "city": "Amadalavalasa"
 },
 {
  "city": "Amalapuram"
 },
 {
  "city": "Amaravathi"
 },
 {
  "city": "Ambajogal"
 },
 {
  "city": "Ambala"
 },
 {
  "city": "Ambikapur"
 },
 {
  "city": "Ambur"
 },
 {
  "city": "Amgaon"
 },
 {
  "city": "Amravati"
 },
 {
  "city": "Amritsar"
 },
 {
  "city": "Amroha"
 },
 {
  "city": "Anaikatti"
 },
 {
  "city": "Anakapalle"
 },
 {
  "city": "Anand"
 },
 {
  "city": "Anantapalli"
 },
 {
  "city": "Anantapur"
 },
 {
  "city": "Anchal"
 },
 {
  "city": "Anekal"
 },
 {
  "city": "Angadipuram"
 },
 {
  "city": "Angamaly"
 },
 {
  "city": "Angara"
 },
 {
  "city": "Angul Anjad"
 },
 {
  "city": "Anjar"
 },
 {
  "city": "Anklav"
 },
 {
  "city": "Ankleshwar"
 },
 {
  "city": "Annigeri"
 },
 {
  "city": "Arakkonam"
 },
 {
  "city": "Arambagh"
 },
 {
  "city": "Arambol"
 },
 {
  "city": "Aranthangi"
 },
 {
  "city": "Aravakurichi"
 },
 {
  "city": "Ariyalur"
 },
 {
  "city": "Arkalgud"
 },
 {
  "city": "Armoor"
 },
 {
  "city": "Amni"
 },
 {
  "city": "Arsikere"
 },
 {
  "city": "Aruppukottai"
 },
 {
  "city": "Asansol"
 },
 {
  "city": "Ashok nagar"
 },
 {
  "city": "Ashok nagar (West Bengal)"
 },
 {
  "city": "Ashta"
 },
 {
  "city": "Ashta (Maharashtra)"
 },
 {
  "city": "Aswaraopeta"
 },
 {
  "city": "Athagarh"
 },
 {
  "city": "Athani"
 },
 {
  "city": "Atpadi"
 },
 {
  "city": "Attili"
 },
 {
  "city": "Attingal Aurangabad"
 },
 {
  "city": "Aurangabad (Bihar)"
 },
 {
  "city": "Aurangabad (West Bengal)"
 },
 {
  "city": "Australia"
 },
 {
  "city": "Avinashi"
 },
 {
  "city": "Azamgarh"
 },
 {
  "city": "B. Kothakota"
 },
 {
  "city": "Badami"
 },
 {
  "city": "Badaun"
 },
 {
  "city": "Baddi"
 },
 {
  "city": "Badnagar"
 },
 {
  "city": "Badnawar"
 },
 {
  "city": "Bagbahara"
 },
 {
  "city": "Bagepalli"
 },
 {
  "city": "Bagha Purana"
 },
 {
  "city": "Bagnu"
 },
 {
  "city": "Bahadurgarh"
 },
 {
  "city": "Bahraich"
 },
 {
  "city": "Baidyabati"
 },
 {
  "city": "Baihar"
 },
 {
  "city": "Baikunthpur"
 },
 {
  "city": "Baindur"
 },
 {
  "city": "Bakhrahat"
 },
 {
  "city": "Balaghat"
 },
 {
  "city": "Balangir"
 },
 {
  "city": "Balasore"
 },
 {
  "city": "Balijipeta"
 },
 {
  "city": "Balod"
 },
 {
  "city": "Baloda Bazar"
 },
 {
  "city": "Balotra"
 },
 {
  "city": "Balrampurt"
 },
 {
  "city": "Balurghat"
 },
 {
  "city": "Bangarpet Bangarupalem"
 },
 {
  "city": "Banki"
 },
 {
  "city": "Banswada"
 },
 {
  "city": "Banswara"
 },
 {
  "city": "Bantumilli"
 },
 {
  "city": "Barabanki"
 },
 {
  "city": "Baramati"
 },
 {
  "city": "Baran"
 },
 {
  "city": "Baraut"
 },
 {
  "city": "Bardez"
 },
 {
  "city": "Bardoli"
 },
 {
  "city": "Bargarh"
 },
 {
  "city": "Barharwa"
 },
 {
  "city": "Baripada"
 },
 {
  "city": "Barmer"
 },
 {
  "city": "Barnala"
 },
 {
  "city": "Barrackpore"
 },
 {
  "city": "Barshi"
 },
 {
  "city": "Baruipur"
 },
 {
  "city": "Barwani"
 },
 {
  "city": "Basirhat"
 },
 {
  "city": "Basna"
 },
 {
  "city": "Basti"
 },
 {
  "city": "Bathinda"
 },
 {
  "city": "Batlagundu"
 },
 {
  "city": "Bayad"
 },
 {
  "city": "Beawar"
 },
 {
  "city": "Beed"
 },
 {
  "city": "Belagavi (Belgaum)"
 },
 {
  "city": "Bellampalli"
 },
 {
  "city": "Bellary"
 },
 {
  "city": "Belur"
 },
 {
  "city": "Bemetara"
 },
 {
  "city": "Berachampa"
 },
 {
  "city": "Berhampore"
 },
 {
  "city": "Berhampur"
 },
 {
  "city": "Bestavaripeta"
 },
 {
  "city": "Betalbatim"
 },
 {
  "city": "Betul"
 },
 {
  "city": "Bhadrachalam"
 },
 {
  "city": "Bhadrak"
 },
 {
  "city": "Bhadravati"
 },
 {
  "city": "Bhainsa"
 },
 {
  "city": "Bhandaral"
 },
 {
  "city": "Bharamasagara"
 },
 {
  "city": "Bharatpur"
 },
 {
  "city": "Bharuch"
 },
 {
  "city": "Bhatapara"
 },
 {
  "city": "Bhatkal"
 },
 {
  "city": "Bhattiprolu"
 },
 {
  "city": "Bhavnagar"
 },
 {
  "city": "Bhawanipatnal"
 },
 {
  "city": "Bheemgal"
 },
 {
  "city": "Bhilai"
 },
 {
  "city": "Bhilwara"
 },
 {
  "city": "Bhimadole"
 },
 {
  "city": "Bhimavaram"
 },
 {
  "city": "Bhiwadi"
 },
 {
  "city": "Bhiwani"
 },
 {
  "city": "Bhopal"
 },
 {
  "city": "Bhubaneswar"
 },
 {
  "city": "Bhuj"
 },
 {
  "city": "Bhuntar"
 },
 {
  "city": "Bhupalpalle"
 },
 {
  "city": "Bhusawal"
 },
 {
  "city": "Bhuvanagiri"
 },
 {
  "city": "Biaora"
 },
 {
  "city": "Bibinagar"
 },
 {
  "city": "Bichkunda"
 },
 {
  "city": "Bidadi"
 },
 {
  "city": "Bidar"
 },
 {
  "city": "Bihar Sharif"
 },
 {
  "city": "Bihpuria"
 },
 {
  "city": "Bijnor"
 },
 {
  "city": "Bijoynagar"
 },
 {
  "city": "Bikaner"
 },
 {
  "city": "Bikramganj"
 },
 {
  "city": "Bilara"
 },
 {
  "city": "Bilaspur"
 },
 {
  "city": "Bilaspur (Himachal Pradesh)"
 },
 {
  "city": "Bilgi"
 },
 {
  "city": "Bilimora"
 },
 {
  "city": "Biraul"
 },
 {
  "city": "Bishrampur"
 },
 {
  "city": "Biswanath Chariali"
 },
 {
  "city": "Bobbili"
 },
 {
  "city": "Bodinayakanur"
 },
 {
  "city": "Boisar Bokara"
 },
 {
  "city": "Bolpur"
 },
 {
  "city": "Bordila"
 },
 {
  "city": "Bommidi"
 },
 {
  "city": "Bongaigaon"
 },
 {
  "city": "Bongaon"
 },
 {
  "city": "Borsad"
 },
 {
  "city": "Brahmapur"
 },
 {
  "city": "Brahmapuri"
 },
 {
  "city": "Brajrajnagar"
 },
 {
  "city": "Budhlada"
 },
 {
  "city": "Bulandshahr"
 },
 {
  "city": "Buldana"
 },
 {
  "city": "Bundu"
 },
 {
  "city": "Burdwan"
 },
 {
  "city": "Burhanpur"
 },
 {
  "city": "Byadagi"
 },
 {
  "city": "Calicut"
 },
 {
  "city": "Chagallu"
 },
 {
  "city": "Challakere"
 },
 {
  "city": "Challapalli"
 },
 {
  "city": "Chamarajnagar"
 },
 {
  "city": "Chamba"
 },
 {
  "city": "Champa"
 },
 {
  "city": "Chanchal"
 },
 {
  "city": "Chandausi"
 },
 {
  "city": "Chandigarh"
 },
 {
  "city": "Chandpur Siaut"
 },
 {
  "city": "Chandragiri"
 },
 {
  "city": "Chandrakona"
 },
 {
  "city": "Chandrapur"
 },
 {
  "city": "Changanassery"
 },
 {
  "city": "Changaramkulam"
 },
 {
  "city": "Channagiri"
 },
 {
  "city": "Channarayapatna"
 },
 {
  "city": "Chanpatia"
 },
 {
  "city": "Charkhi Dadril"
 },
 {
  "city": "Chaygaon"
 },
 {
  "city": "Cheeka"
 },
 {
  "city": "Cheepurupalli"
 },
 {
  "city": "Chendrapinni"
 },
 {
  "city": "Chengannur"
 },
 {
  "city": "Chennur"
 },
 {
  "city": "Cherial"
 },
 {
  "city": "Cherla"
 },
 {
  "city": "Cherpulassery Chevella"
 },
 {
  "city": "Cheyyar"
 },
 {
  "city": "Chhatarpur"
 },
 {
  "city": "Chhibramau"
 },
 {
  "city": "Chhindwara"
 },
 {
  "city": "Chickmagaluru"
 },
 {
  "city": "Chidambaram"
 },
 {
  "city": "Chikkaballapur"
 },
 {
  "city": "Chikodi"
 },
 {
  "city": "Chilakaluripet"
 },
 {
  "city": "Chinnamanur"
 },
 {
  "city": "Chinsurah"
 },
 {
  "city": "Chinturu"
 },
 {
  "city": "Chirala"
 },
 {
  "city": "Chitradurga"
 },
 {
  "city": "Chittoor"
 },
 {
  "city": "Chodavaram"
 },
 {
  "city": "Chotila"
 },
 {
  "city": "Choutuppal"
 },
 {
  "city": "Coimbatore"
 },
 {
  "city": "Cooch Behar Cuddalore"
 },
 {
  "city": "Cumbum (AP)"
 },
 {
  "city": "Cuttack."
 },
 {
  "city": "Dabrat"
 },
 {
  "city": "Dahanu"
 },
 {
  "city": "Dahegam"
 },
 {
  "city": "Dahod"
 },
 {
  "city": "Dakshin Barasat"
 },
 {
  "city": "Dalli Rajhara"
 },
 {
  "city": "Daman"
 },
 {
  "city": "Dammapeta"
 },
 {
  "city": "Damoh"
 },
 {
  "city": "Dankaur"
 },
 {
  "city": "Darbhanga"
 },
 {
  "city": "Darjeeling"
 },
 {
  "city": "Darlapudi"
 },
 {
  "city": "Darsi"
 },
 {
  "city": "Dasuya"
 },
 {
  "city": "Dalia"
 },
 {
  "city": "Dausa"
 },
 {
  "city": "Davanagere"
 },
 {
  "city": "Davuluru"
 },
 {
  "city": "Deesa"
 },
 {
  "city": "Dehradun"
 },
 {
  "city": "Deoghar"
 },
 {
  "city": "Deoli"
 },
 {
  "city": "Devadurga"
 },
 {
  "city": "Devarakonda"
 },
 {
  "city": "Devarapalle"
 },
 {
  "city": "Devarapalli"
 },
 {
  "city": "Devgad"
 },
 {
  "city": "Dewas"
 },
 {
  "city": "Dhamnod"
 },
 {
  "city": "Dhampur"
 },
 {
  "city": "Dhamtari"
 },
 {
  "city": "Dhanbad"
 },
 {
  "city": "Dhaneral"
 },
 {
  "city": "Dhar"
 },
 {
  "city": "Dharamsala"
 },
 {
  "city": "Dharapuram"
 },
 {
  "city": "Dharmanagar"
 },
 {
  "city": "Dharmapuri"
 },
 {
  "city": "Dharmavaram"
 },
 {
  "city": "Dharwad."
 },
 {
  "city": "Dhenkanal"
 },
 {
  "city": "Dhone"
 },
 {
  "city": "Dhoraji"
 },
 {
  "city": "Dhrangadhra"
 },
 {
  "city": "Dhule"
 },
 {
  "city": "Dhulian."
 },
 {
  "city": "Dhuri"
 },
 {
  "city": "Dibrugarh"
 },
 {
  "city": "Digras"
 },
 {
  "city": "Dimapur"
 },
 {
  "city": "Dindigul"
 },
 {
  "city": "Doddaballapura"
 },
 {
  "city": "Domkal"
 },
 {
  "city": "Dongargarh"
 },
 {
  "city": "Doraha"
 },
 {
  "city": "Dornakal"
 },
 {
  "city": "Draksharamam"
 },
 {
  "city": "Dubbaka"
 },
 {
  "city": "Dubrajpur"
 },
 {
  "city": "Dungarpur"
 },
 {
  "city": "Durg"
 },
 {
  "city": "Durgapur"
 },
 {
  "city": "East Godavari"
 },
 {
  "city": "Edappal"
 },
 {
  "city": "Edlapadu"
 },
 {
  "city": "Eluru"
 },
 {
  "city": "Erattupetta"
 },
 {
  "city": "Emakulam"
 },
 {
  "city": "Erode"
 },
 {
  "city": "Etawah"
 },
 {
  "city": "Ettumanoor"
 },
 {
  "city": "Faizabad"
 },
 {
  "city": "Falakala"
 },
 {
  "city": "Falna"
 },
 {
  "city": "Faridkot"
 },
 {
  "city": "Farrukhabad"
 },
 {
  "city": "Fatehabad"
 },
 {
  "city": "Fatehgarh Sahib"
 },
 {
  "city": "Fatehpur"
 },
 {
  "city": "Fatehpur(Rajasthan)"
 },
 {
  "city": "Firozabad"
 },
 {
  "city": "Firozpur"
 },
 {
  "city": "Forbesganj"
 },
 {
  "city": "France"
 },
 {
  "city": "G.Mamidada"
 },
 {
  "city": "Gadag"
 },
 {
  "city": "Gadarwara"
 },
 {
  "city": "Gadchiruli"
 },
 {
  "city": "Gajendragarh"
 },
 {
  "city": "Gajwel"
 },
 {
  "city": "Ganapavaram Gandhidham"
 },
 {
  "city": "Gandhinagar"
 },
 {
  "city": "Gangavati"
 },
 {
  "city": "Gangoh"
 },
 {
  "city": "Gangtok"
 },
 {
  "city": "Ganjbasoda"
 },
 {
  "city": "Gannavaram"
 },
 {
  "city": "Garhwal"
 },
 {
  "city": "Garla"
 },
 {
  "city": "Gauribidanur"
 },
 {
  "city": "Gaya"
 },
 {
  "city": "Ghazipuri"
 },
 {
  "city": "Ghorasahan"
 },
 {
  "city": "Gingee"
 },
 {
  "city": "Goa"
 },
 {
  "city": "Goalpara:"
 },
 {
  "city": "Gobichettipalayam"
 },
 {
  "city": "Godavarikhani"
 },
 {
  "city": "Godhra"
 },
 {
  "city": "Gokak"
 },
 {
  "city": "Gokarna"
 },
 {
  "city": "Gokavaram"
 },
 {
  "city": "Gola Bazar"
 },
 {
  "city": "Golaghat"
 },
 {
  "city": "Gollaprolu"
 },
 {
  "city": "Gonda"
 },
 {
  "city": "Gondia"
 },
 {
  "city": "Gopalganj"
 },
 {
  "city": "Gopalpet"
 },
 {
  "city": "Gorakhpur"
 },
 {
  "city": "Gorantla"
 },
 {
  "city": "Gotegaon"
 },
 {
  "city": "Gownipalli"
 },
 {
  "city": "Gudivada"
 },
 {
  "city": "Gudiyatham"
 },
 {
  "city": "Gudur"
 },
 {
  "city": "Gulaothi"
 },
 {
  "city": "Guledgudda"
 },
 {
  "city": "Gummadidala"
 },
 {
  "city": "Guna"
 },
 {
  "city": "Guntakal"
 },
 {
  "city": "Guntur"
 },
 {
  "city": "Gurap"
 },
 {
  "city": "Gurazala"
 },
 {
  "city": "Guruvayur"
 },
 {
  "city": "Guwahati"
 },
 {
  "city": "Gwalior"
 },
 {
  "city": "Habra"
 },
 {
  "city": "Hagaribommanahalli"
 },
 {
  "city": "Hajipur"
 },
 {
  "city": "Haldia"
 },
 {
  "city": "Halduchaur"
 },
 {
  "city": "Haldwani"
 },
 {
  "city": "Haliya"
 },
 {
  "city": "Halol"
 },
 {
  "city": "Hamirpur (HP)"
 },
 {
  "city": "Hampi"
 },
 {
  "city": "Hardoi"
 },
 {
  "city": "Haria"
 },
 {
  "city": "Haridwart"
 },
 {
  "city": "Harihar Haripad"
 },
 {
  "city": "Harugeri"
 },
 {
  "city": "Harur"
 },
 {
  "city": "Hasanpur"
 },
 {
  "city": "Hassan"
 },
 {
  "city": "Hathras"
 },
 {
  "city": "Hazaribagh"
 },
 {
  "city": "Himmatnagar"
 },
 {
  "city": "Hindaun City"
 },
 {
  "city": "Hindupurt"
 },
 {
  "city": "Hingoli"
 },
 {
  "city": "Hírekerur Hiriyur"
 },
 {
  "city": "Hisar"
 },
 {
  "city": "Honnali"
 },
 {
  "city": "Honnavara"
 },
 {
  "city": "Hooghly"
 },
 {
  "city": "Hoshiarpur"
 },
 {
  "city": "Hoskote"
 },
 {
  "city": "Hospet"
 },
 {
  "city": "Hosur"
 },
 {
  "city": "Howrah"
 },
 {
  "city": "Hubballi (Hubli)"
 },
 {
  "city": "Hunagunda"
 },
 {
  "city": "Hunsur"
 },
 {
  "city": "Husnabad"
 },
 {
  "city": "Huvinahadagali"
 },
 {
  "city": "Huzurabad"
 },
 {
  "city": "Ichalkaranji"
 },
 {
  "city": "Ichchapuram"
 },
 {
  "city": "Idappadi"
 },
 {
  "city": "Idar Idukki"
 },
 {
  "city": "Imphal"
 },
 {
  "city": "Indapur"
 },
 {
  "city": "Indi"
 },
 {
  "city": "Indore"
 },
 {
  "city": "Irinjalakuda"
 },
 {
  "city": "Itanagar"
 },
 {
  "city": "Itarsi"
 },
 {
  "city": "Jabalpur"
 },
 {
  "city": "Jadcherla"
 },
 {
  "city": "Jagalur"
 },
 {
  "city": "Jagatdal"
 },
 {
  "city": "Jagdalpur"
 },
 {
  "city": "Jaggampeta"
 },
 {
  "city": "Jaggayyapela"
 },
 {
  "city": "Jagraon"
 },
 {
  "city": "Jagtial"
 },
 {
  "city": "Jaipur"
 },
 {
  "city": "Jaisalmer"
 },
 {
  "city": "Jajpur Road"
 },
 {
  "city": "Jalakandapuram"
 },
 {
  "city": "Jalalabad"
 },
 {
  "city": "Jalandhar"
 },
 {
  "city": "Jalaun"
 },
 {
  "city": "Jalgaon"
 },
 {
  "city": "Jalna"
 },
 {
  "city": "Jalpaiguri"
 },
 {
  "city": "Jami"
 },
 {
  "city": "Jamkhed."
 },
 {
  "city": "Jammalamadugu"
 },
 {
  "city": "Jammikunta"
 },
 {
  "city": "Jammu"
 },
 {
  "city": "Jamnagar"
 },
 {
  "city": "Jamner"
 },
 {
  "city": "Jamshedpur"
 },
 {
  "city": "Jangaon"
 },
 {
  "city": "Jangareddy Gudem"
 },
 {
  "city": "Janjgir"
 },
 {
  "city": "Jasdan"
 },
 {
  "city": "Jaunpur"
 },
 {
  "city": "Jayamkondacholapuram"
 },
 {
  "city": "Jehanabad"
 },
 {
  "city": "Jetpur"
 },
 {
  "city": "Jewar"
 },
 {
  "city": "Jeypore"
 },
 {
  "city": "Jhabua"
 },
 {
  "city": "Jhajha"
 },
 {
  "city": "Jhajjar"
 },
 {
  "city": "Jhansi"
 },
 {
  "city": "Jharsuguda"
 },
 {
  "city": "Jiaganj"
 },
 {
  "city": "Jind"
 },
 {
  "city": "Jodhpur"
 },
 {
  "city": "Jorhat"
 },
 {
  "city": "Joynagar Majilpur"
 },
 {
  "city": "Junagadh Kadakkal"
 },
 {
  "city": "Kadapa"
 },
 {
  "city": "Kadi"
 },
 {
  "city": "Kadiri"
 },
 {
  "city": "Kadthall"
 },
 {
  "city": "Kaikaluru Kaithal"
 },
 {
  "city": "Kakarapalli"
 },
 {
  "city": "Kakinada"
 },
 {
  "city": "Kalaburagi (Gulbarga]"
 },
 {
  "city": "Kalady"
 },
 {
  "city": "Kalimpong"
 },
 {
  "city": "Kalla"
 },
 {
  "city": "Kalladikode"
 },
 {
  "city": "Kallakurichi"
 },
 {
  "city": "Kallur"
 },
 {
  "city": "Kalluru"
 },
 {
  "city": "Kalal (Panchmahal)"
 },
 {
  "city": "Kalwakurthy"
 },
 {
  "city": "Kalyani"
 },
 {
  "city": "Kamalaapur"
 },
 {
  "city": "Kamalapur"
 },
 {
  "city": "Kamanaickenpalayam"
 },
 {
  "city": "Kamareddy"
 },
 {
  "city": "Kamavarapukota"
 },
 {
  "city": "Kambainallur"
 },
 {
  "city": "Kamptee"
 },
 {
  "city": "Kanakapura"
 },
 {
  "city": "Kanchikacherla"
 },
 {
  "city": "Kanchipuram"
 },
 {
  "city": "Kandukur"
 },
 {
  "city": "Kangayam"
 },
 {
  "city": "Kangra"
 },
 {
  "city": "Kanhangad"
 },
 {
  "city": "Kanichar:"
 },
 {
  "city": "Kanigiri"
 },
 {
  "city": "Kanipakami"
 },
 {
  "city": "Kanjirappally"
 },
 {
  "city": "Kanker"
 },
 {
  "city": "Kannauj"
 },
 {
  "city": "Kannur"
 },
 {
  "city": "Kanpur"
 },
 {
  "city": "Kanyakumari"
 },
 {
  "city": "Kapadvanj"
 },
 {
  "city": "Karad"
 },
 {
  "city": "Karaikal"
 },
 {
  "city": "arambakkudi"
 },
 {
  "city": "Karanja Lad"
 },
 {
  "city": "Kareli"
 },
 {
  "city": "Karepalli"
 },
 {
  "city": "Kargi Road"
 },
 {
  "city": "Karimangalam."
 },
 {
  "city": "Karimganj"
 },
 {
  "city": "Karimnagar"
 },
 {
  "city": "Karjal"
 },
 {
  "city": "Karkala"
 },
 {
  "city": "Karnal"
 },
 {
  "city": "Karunagapally"
 },
 {
  "city": "Karur"
 },
 {
  "city": "Karwar"
 },
 {
  "city": "Kasaragod"
 },
 {
  "city": "Kasdol"
 },
 {
  "city": "Kasgunj"
 },
 {
  "city": "Kashipur"
 },
 {
  "city": "Kasibugga"
 },
 {
  "city": "Kathipudi"
 },
 {
  "city": "Kathua"
 },
 {
  "city": "Katihar"
 },
 {
  "city": "Katni"
 },
 {
  "city": "Katrenikona."
 },
 {
  "city": "Kattappana"
 },
 {
  "city": "Kaveripattinam"
 },
 {
  "city": "Kawardha"
 },
 {
  "city": "Kekri"
 },
 {
  "city": "Keonjhar"
 },
 {
  "city": "Kesingar"
 },
 {
  "city": "Kevadia"
 },
 {
  "city": "Khachrod"
 },
 {
  "city": "Khadda"
 },
 {
  "city": "Khajipet"
 },
 {
  "city": "Khajuraho"
 },
 {
  "city": "Khalilabad"
 },
 {
  "city": "Khamgaon"
 },
 {
  "city": "Khammam"
 },
 {
  "city": "Khandela"
 },
 {
  "city": "Khandwa"
 },
 {
  "city": "hanna"
 },
 {
  "city": "Kharagpur"
 },
 {
  "city": "Khargone"
 },
 {
  "city": "Khariar Road"
 },
 {
  "city": "Kharsia"
 },
 {
  "city": "Khed"
 },
 {
  "city": "Kheda"
 },
 {
  "city": "Khopoli"
 },
 {
  "city": "Khurja"
 },
 {
  "city": "Kichhar"
 },
 {
  "city": "Kim"
 },
 {
  "city": "Kirlampudi"
 },
 {
  "city": "Kishanganj"
 },
 {
  "city": "Kishangarhi"
 },
 {
  "city": "Kochi"
 },
 {
  "city": "Kodad"
 },
 {
  "city": "Kodagu (Coorg)"
 },
 {
  "city": "Kodakara"
 },
 {
  "city": "Kodaly"
 },
 {
  "city": "Kodumur"
 },
 {
  "city": "Kodungallur"
 },
 {
  "city": "Kokrajhar"
 },
 {
  "city": "Kolar"
 },
 {
  "city": "Kolhapur"
 },
 {
  "city": "Kollam"
 },
 {
  "city": "Kollengode"
 },
 {
  "city": "Komarapalayam"
 },
 {
  "city": "Kondagaon"
 },
 {
  "city": "Kondlahalli"
 },
 {
  "city": "Konni"
 },
 {
  "city": "Korba"
 },
 {
  "city": "Korutla Korwa"
 },
 {
  "city": "Kosamba"
 },
 {
  "city": "Kosgi"
 },
 {
  "city": "Kota"
 },
 {
  "city": "Kota (AP)"
 },
 {
  "city": "Kotabommali"
 },
 {
  "city": "Kothacheruvu"
 },
 {
  "city": "Kothagudem"
 },
 {
  "city": "Kothamangalam"
 },
 {
  "city": "Kothapalli"
 },
 {
  "city": "Kotkapural"
 },
 {
  "city": "Kotma"
 },
 {
  "city": "Kotpad"
 },
 {
  "city": "Kotputli"
 },
 {
  "city": "Kottayam"
 },
 {
  "city": "Kottayi"
 },
 {
  "city": "Kovilpatti"
 },
 {
  "city": "Kovur (Nellore)"
 },
 {
  "city": "Kovvur"
 },
 {
  "city": "Koyyalagudem"
 },
 {
  "city": "Kozhikode."
 },
 {
  "city": "Kozhinjampara"
 },
 {
  "city": "Krishnagiri"
 },
 {
  "city": "Krishnanagar"
 },
 {
  "city": "Krishnarajanagara"
 },
 {
  "city": "Krishnarajpete (K.R.Pete)"
 },
 {
  "city": "Krosuru"
 },
 {
  "city": "Kruthivennu"
 },
 {
  "city": "kuchaman City"
 },
 {
  "city": "udus"
 },
 {
  "city": "Kujang"
 },
 {
  "city": "Kukshi"
 },
 {
  "city": "Kulithalai"
 },
 {
  "city": "Kullu"
 },
 {
  "city": "Kumbakonam"
 },
 {
  "city": "Kunda"
 },
 {
  "city": "Kundapura"
 },
 {
  "city": "Kunkuri"
 },
 {
  "city": "Kuravilangad"
 },
 {
  "city": "Kurnool"
 },
 {
  "city": "Kurseong"
 },
 {
  "city": "Kurukshetra"
 },
 {
  "city": "Kurumaseri"
 },
 {
  "city": "Kutch"
 },
 {
  "city": "Lakhimpur"
 },
 {
  "city": "Lakhimpur Kheri"
 },
 {
  "city": "Lakkavaram"
 },
 {
  "city": "Lakshmeshwara"
 },
 {
  "city": "Lakshmikantapur"
 },
 {
  "city": "Lalgudi"
 },
 {
  "city": "Lansdowne"
 },
 {
  "city": "Latur"
 },
 {
  "city": "Lavasa"
 },
 {
  "city": "Leh"
 },
 {
  "city": "Lingasugur Lohardagal"
 },
 {
  "city": "Lonavala."
 },
 {
  "city": "Loni"
 },
 {
  "city": "Lucknow"
 },
 {
  "city": "Ludhiana"
 },
 {
  "city": "Lunawada"
 },
 {
  "city": "Luxettipet"
 },
 {
  "city": "MUNNAR"
 },
 {
  "city": "Macherla"
 },
 {
  "city": "Machilipatnam"
 },
 {
  "city": "Madalu"
 },
 {
  "city": "Madanapalle"
 },
 {
  "city": "Maddur"
 },
 {
  "city": "Madhavaram"
 },
 {
  "city": "Madhepura"
 },
 {
  "city": "Madhira"
 },
 {
  "city": "Madikeri"
 },
 {
  "city": "Madurai"
 },
 {
  "city": "Magadi"
 },
 {
  "city": "Mahabubabad"
 },
 {
  "city": "Mahad"
 },
 {
  "city": "Mahbubnagar"
 },
 {
  "city": "Mahemdavad"
 },
 {
  "city": "Maheshwar"
 },
 {
  "city": "Mahishadal"
 },
 {
  "city": "Mahudha"
 },
 {
  "city": "Mahuva."
 },
 {
  "city": "Makrana"
 },
 {
  "city": "Makthal"
 },
 {
  "city": "Malappuram"
 },
 {
  "city": "Malda"
 },
 {
  "city": "Malebennur"
 },
 {
  "city": "Malegaon"
 },
 {
  "city": "Malerkotla"
 },
 {
  "city": "Malikipuram"
 },
 {
  "city": "Malkangiri"
 },
 {
  "city": "Mall"
 },
 {
  "city": "Malout"
 },
 {
  "city": "Mamallapuram"
 },
 {
  "city": "Manali"
 },
 {
  "city": "Mananthavady"
 },
 {
  "city": "Manapparai"
 },
 {
  "city": "Manawar"
 },
 {
  "city": "Mancherial"
 },
 {
  "city": "Mandapeta"
 },
 {
  "city": "Mandi Dabwali"
 },
 {
  "city": "Mandi Gobindgarh"
 },
 {
  "city": "Mandla:"
 },
 {
  "city": "Mandsaur"
 },
 {
  "city": "Mandya"
 },
 {
  "city": "Manendragarh"
 },
 {
  "city": "Mangalagiri"
 },
 {
  "city": "Mangaldoi"
 },
 {
  "city": "Mangaluru (Mangalore)"
 },
 {
  "city": "Manikonda (AP)"
 },
 {
  "city": "Manipal"
 },
 {
  "city": "Manjeri"
 },
 {
  "city": "Mannargudi"
 },
 {
  "city": "Mannarkkad"
 },
 {
  "city": "Mannur"
 },
 {
  "city": "Mansa"
 },
 {
  "city": "Manuguru"
 },
 {
  "city": "Manvi"
 },
 {
  "city": "Maraimalai Nagar"
 },
 {
  "city": "Marayur"
 },
 {
  "city": "Margherita"
 },
 {
  "city": "Markapuri"
 },
 {
  "city": "Marripeda"
 },
 {
  "city": "Marthandam"
 },
 {
  "city": "Math Chandipur"
 },
 {
  "city": "Mathabhanga"
 },
 {
  "city": "Mathura"
 },
 {
  "city": "Mattannur"
 },
 {
  "city": "Mau"
 },
 {
  "city": "Mavelikara"
 },
 {
  "city": "Medak"
 },
 {
  "city": "Medarametla"
 },
 {
  "city": "Meerul"
 },
 {
  "city": "Mehsanal"
 },
 {
  "city": "Melattur"
 },
 {
  "city": "Memari"
 },
 {
  "city": "Metpally"
 },
 {
  "city": "Mettuppalayam"
 },
 {
  "city": "Miryalaguda"
 },
 {
  "city": "Mirzapur"
 },
 {
  "city": "Moga"
 },
 {
  "city": "Mahali"
 },
 {
  "city": "Molakalmuru"
 },
 {
  "city": "Moodbidri"
 },
 {
  "city": "Moradabad"
 },
 {
  "city": "Maranhat"
 },
 {
  "city": "Morbi"
 },
 {
  "city": "Morena"
 },
 {
  "city": "Motihari"
 },
 {
  "city": "Moyna"
 },
 {
  "city": "Mudalagi"
 },
 {
  "city": "Muddebihal"
 },
 {
  "city": "Mudhal"
 },
 {
  "city": "Mughalsaral"
 },
 {
  "city": "Mukkam"
 },
 {
  "city": "Muktsar"
 },
 {
  "city": "Mulbagal"
 },
 {
  "city": "Mulkanoor"
 },
 {
  "city": "Mullanpur"
 },
 {
  "city": "Mulugu"
 },
 {
  "city": "Mummidivaram"
 },
 {
  "city": "Mundakayam"
 },
 {
  "city": "Mundra"
 },
 {
  "city": "Muniguda"
 },
 {
  "city": "Muradnagar"
 },
 {
  "city": "Murshidabad."
 },
 {
  "city": "Murtizapur"
 },
 {
  "city": "Musini"
 },
 {
  "city": "Mussoore"
 },
 {
  "city": "Muvattupuzha"
 },
 {
  "city": "Muzaffarnagar"
 },
 {
  "city": "Muzaffarpur"
 },
 {
  "city": "Mydukur"
 },
 {
  "city": "Mylavaram"
 },
 {
  "city": "Mysuru (Mysore)"
 },
 {
  "city": "Nabadwip"
 },
 {
  "city": "Nabha"
 },
 {
  "city": "Nadiad"
 },
 {
  "city": "Nagaon"
 },
 {
  "city": "Nagapattinam"
 },
 {
  "city": "Nagari"
 },
 {
  "city": "Nagarkurnool"
 },
 {
  "city": "Nagda"
 },
 {
  "city": "Nagercoil"
 },
 {
  "city": "Nagothane"
 },
 {
  "city": "Nagpur"
 },
 {
  "city": "Naihati"
 },
 {
  "city": "Nainital"
 },
 {
  "city": "Nakhatranal"
 },
 {
  "city": "Nakodar"
 },
 {
  "city": "Nakrekal"
 },
 {
  "city": "Nalgonda"
 },
 {
  "city": "Nallajerla"
 },
 {
  "city": "Namakkal"
 },
 {
  "city": "Namchi"
 },
 {
  "city": "Nanded"
 },
 {
  "city": "Nandigama"
 },
 {
  "city": "Nandikotkurt"
 },
 {
  "city": "Nandurbar"
 },
 {
  "city": "Nandyal"
 },
 {
  "city": "Nanjanagudu"
 },
 {
  "city": "Nanpara"
 },
 {
  "city": "Narasannapeta"
 },
 {
  "city": "Narasaraopet"
 },
 {
  "city": "Narayankhed"
 },
 {
  "city": "Narayanpet"
 },
 {
  "city": "Narayanpur"
 },
 {
  "city": "Nargund"
 },
 {
  "city": "Narnaul"
 },
 {
  "city": "Narsampet"
 },
 {
  "city": "Narsapur"
 },
 {
  "city": "Narsapur (Medak)"
 },
 {
  "city": "Narsipatnam"
 },
 {
  "city": "Nashik"
 },
 {
  "city": "Nathdwara"
 },
 {
  "city": "Navsari"
 },
 {
  "city": "Nawada"
 },
 {
  "city": "Nawalgarh"
 },
 {
  "city": "Nawanshahr"
 },
 {
  "city": "Nawapara"
 },
 {
  "city": "Nazira"
 },
 {
  "city": "Nedumkandam"
 },
 {
  "city": "Neemuch"
 },
 {
  "city": "Nelamangala"
 },
 {
  "city": "Nellimarla"
 },
 {
  "city": "Nellore"
 },
 {
  "city": "Ner Parsopant"
 },
 {
  "city": "New Tehri"
 },
 {
  "city": "Neyveli"
 },
 {
  "city": "Nichlaul"
 },
 {
  "city": "Nidadavolu"
 },
 {
  "city": "Nilagiri"
 },
 {
  "city": "Nimbahera"
 },
 {
  "city": "Nipani"
 },
 {
  "city": "Nirjuli"
 },
 {
  "city": "Nizamabad"
 },
 {
  "city": "Nokha"
 },
 {
  "city": "Nurpur"
 },
 {
  "city": "Nuzvid"
 },
 {
  "city": "Nyamathi"
 },
 {
  "city": "Ongole"
 },
 {
  "city": "Ooty"
 },
 {
  "city": "Orai"
 },
 {
  "city": "Orchhal"
 },
 {
  "city": "Osmanabad"
 },
 {
  "city": "Ottapalam"
 },
 {
  "city": "Padrauna"
 },
 {
  "city": "Pakala"
 },
 {
  "city": "Pala"
 },
 {
  "city": "Palakkad Palakollu"
 },
 {
  "city": "Palakonda"
 },
 {
  "city": "Palampur"
 },
 {
  "city": "Palanpur"
 },
 {
  "city": "Palapetty"
 },
 {
  "city": "Palasa"
 },
 {
  "city": "Palghar"
 },
 {
  "city": "Pali"
 },
 {
  "city": "Pallickathodu"
 },
 {
  "city": "Pallipalayam"
 },
 {
  "city": "Palwal"
 },
 {
  "city": "Palwancha"
 },
 {
  "city": "Pamarru"
 },
 {
  "city": "Pamidi"
 },
 {
  "city": "Pamuru"
 },
 {
  "city": "Panapakkam"
 },
 {
  "city": "Panchgani"
 },
 {
  "city": "Panchkula"
 },
 {
  "city": "Pandalam"
 },
 {
  "city": "Pandavapura"
 },
 {
  "city": "Pandharpur"
 },
 {
  "city": "Panipat"
 },
 {
  "city": "Panruti"
 },
 {
  "city": "Papanasam"
 },
 {
  "city": "Paralakhemundi Parappanangadi"
 },
 {
  "city": "Paratwada"
 },
 {
  "city": "Parbhani"
 },
 {
  "city": "Parchur"
 },
 {
  "city": "Parigi (Telangana)"
 },
 {
  "city": "Parvathipuram"
 },
 {
  "city": "Parwanoo"
 },
 {
  "city": "Patan"
 },
 {
  "city": "Pathalgaon"
 },
 {
  "city": "Pathanamthitta"
 },
 {
  "city": "Pathanapuram"
 },
 {
  "city": "Pathankot"
 },
 {
  "city": "Pathapatnam"
 },
 {
  "city": "Pathsala"
 },
 {
  "city": "Patiala"
 },
 {
  "city": "Patna"
 },
 {
  "city": "Patran"
 },
 {
  "city": "Pattambi"
 },
 {
  "city": "Pattimattom"
 },
 {
  "city": "Pattukkottai"
 },
 {
  "city": "Pavagada"
 },
 {
  "city": "Payakaraopeta"
 },
 {
  "city": "Payyanur"
 },
 {
  "city": "Payyoli"
 },
 {
  "city": "Pedanandipadu"
 },
 {
  "city": "Pedapadu"
 },
 {
  "city": "Peddapalli"
 },
 {
  "city": "Peddapuram"
 },
 {
  "city": "Pen"
 },
 {
  "city": "Pendra"
 },
 {
  "city": "Pennagaram"
 },
 {
  "city": "Penuganchiprolu"
 },
 {
  "city": "Penugonda"
 },
 {
  "city": "Perambalur"
 },
 {
  "city": "Peravoor"
 },
 {
  "city": "Peringottukurissi"
 },
 {
  "city": "Perinthalmanna"
 },
 {
  "city": "Perundurail"
 },
 {
  "city": "Petlad"
 },
 {
  "city": "Phagwara"
 },
 {
  "city": "Phalodi"
 },
 {
  "city": "Phaltan"
 },
 {
  "city": "Phulbani"
 },
 {
  "city": "Pilani"
 },
 {
  "city": "Pileru"
 },
 {
  "city": "Pimpri"
 },
 {
  "city": "Pipariya"
 },
 {
  "city": "Piravom"
 },
 {
  "city": "Pithampur"
 },
 {
  "city": "Pithapuram"
 },
 {
  "city": "Pithoragarh"
 },
 {
  "city": "Pochampally"
 },
 {
  "city": "Podalakur"
 },
 {
  "city": "Podili"
 },
 {
  "city": "Polavaram"
 },
 {
  "city": "Pollachi"
 },
 {
  "city": "Pondicherry"
 },
 {
  "city": "Ponduru"
 },
 {
  "city": "Ponnamaravathi"
 },
 {
  "city": "Ponnani"
 },
 {
  "city": "Porumamilla"
 },
 {
  "city": "Pratapgarh (Rajasthan) Pratapgarh (UP)"
 },
 {
  "city": "Prathipadu"
 },
 {
  "city": "Prayagraj (Allahabad)"
 },
 {
  "city": "Proddatur"
 },
 {
  "city": "Pudukkottai"
 },
 {
  "city": "Pulgaon"
 },
 {
  "city": "Pulluvila"
 },
 {
  "city": "Pulpally"
 },
 {
  "city": "Punalur"
 },
 {
  "city": "Punganur"
 },
 {
  "city": "Puri Purnea"
 },
 {
  "city": "Purulia"
 },
 {
  "city": "Pusad"
 },
 {
  "city": "Pusapatiregal"
 },
 {
  "city": "Pushkar"
 },
 {
  "city": "Puthoor"
 },
 {
  "city": "Puttur"
 },
 {
  "city": "Rabkavi Banhatti"
 },
 {
  "city": "Radhamoni"
 },
 {
  "city": "Raebareli"
 },
 {
  "city": "Raghopur"
 },
 {
  "city": "Rahimatpur"
 },
 {
  "city": "Raibag"
 },
 {
  "city": "Raichur"
 },
 {
  "city": "Raigad"
 },
 {
  "city": "Raigarh"
 },
 {
  "city": "Railway Koduru"
 },
 {
  "city": "Raipur"
 },
 {
  "city": "Raisinghnagar"
 },
 {
  "city": "Rajamahendravaram (Rajahmundry)"
 },
 {
  "city": "Rajapalayam"
 },
 {
  "city": "Rajgangpur"
 },
 {
  "city": "Rajkot"
 },
 {
  "city": "Rajnandgaon"
 },
 {
  "city": "Rajpipla"
 },
 {
  "city": "Rajpur"
 },
 {
  "city": "Rajpura"
 },
 {
  "city": "Rajula"
 },
 {
  "city": "Ramachandrapuram"
 },
 {
  "city": "Ramanagara"
 },
 {
  "city": "Ramanathapuram"
 },
 {
  "city": "Ramayampet"
 },
 {
  "city": "Ramdurg"
 },
 {
  "city": "Rameswarpur"
 },
 {
  "city": "Ramgarhwal"
 },
 {
  "city": "Ramnagar"
 },
 {
  "city": "Rampur"
 },
 {
  "city": "Ranaghat"
 },
 {
  "city": "Ranchi"
 },
 {
  "city": "Ranebennur"
 },
 {
  "city": "Rangia"
 },
 {
  "city": "Raniganj"
 },
 {
  "city": "Ranipet"
 },
 {
  "city": "Ratlam"
 },
 {
  "city": "Ratnagiri"
 },
 {
  "city": "Ratnagiri (Odisha) Ravulapalem"
 },
 {
  "city": "Raxaul"
 },
 {
  "city": "Rayachoti"
 },
 {
  "city": "Rayagada"
 },
 {
  "city": "Rayavaram"
 },
 {
  "city": "Rentechintala."
 },
 {
  "city": "Renukoot"
 },
 {
  "city": "Repalle"
 },
 {
  "city": "Rewa"
 },
 {
  "city": "Rewari"
 },
 {
  "city": "Ringas"
 },
 {
  "city": "Rishikesh"
 },
 {
  "city": "Rishra"
 },
 {
  "city": "Rohtak"
 },
 {
  "city": "Ron"
 },
 {
  "city": "Rourkela"
 },
 {
  "city": "Routhulapudi"
 },
 {
  "city": "Rudrapur"
 },
 {
  "city": "Rupnagar"
 },
 {
  "city": "Sabbavaram"
 },
 {
  "city": "Sadasivpet"
 },
 {
  "city": "Safidon"
 },
 {
  "city": "Sagar"
 },
 {
  "city": "Saharanpur"
 },
 {
  "city": "Sakhir"
 },
 {
  "city": "Sakleshpur"
 },
 {
  "city": "Sakti"
 },
 {
  "city": "Salem"
 },
 {
  "city": "Saligrama"
 },
 {
  "city": "Salihundam"
 },
 {
  "city": "Salur"
 },
 {
  "city": "Samalkota"
 },
 {
  "city": "Sambalpur"
 },
 {
  "city": "Sambhal"
 },
 {
  "city": "Samsi"
 },
 {
  "city": "Sanawad"
 },
 {
  "city": null
 },
 {
  "city": "Sangamner"
 },
 {
  "city": "Sangareddy"
 },
 {
  "city": "Sangaria"
 },
 {
  "city": "Sangli"
 },
 {
  "city": "Sangola"
 },
 {
  "city": "Sangrur"
 },
 {
  "city": "Sankarapuram"
 },
 {
  "city": "Sankeshwar"
 },
 {
  "city": "Santhebennur"
 },
 {
  "city": "Sanwer"
 },
 {
  "city": "Saraipali"
 },
 {
  "city": "Sarangarh"
 },
 {
  "city": "Sarangpur"
 },
 {
  "city": "Sarapaka"
 },
 {
  "city": "Sardulgarh"
 },
 {
  "city": "Sarnath"
 },
 {
  "city": "Sarni"
 },
 {
  "city": "Sarsiwa"
 },
 {
  "city": "Sasaram"
 },
 {
  "city": "Satara"
 },
 {
  "city": "Sathupally"
 },
 {
  "city": "Sathyamangalam"
 },
 {
  "city": "Satna"
 },
 {
  "city": "Sattenapalle"
 },
 {
  "city": "Saundatti"
 },
 {
  "city": "Sawai Madhopur"
 },
 {
  "city": "Sawantwadi"
 },
 {
  "city": "Secunderabad"
 },
 {
  "city": "Seethanagaram"
 },
 {
  "city": "Sehore"
 },
 {
  "city": "Semiliguda"
 },
 {
  "city": "Sendhwa"
 },
 {
  "city": "Sengottai"
 },
 {
  "city": "Seoni"
 },
 {
  "city": "Seoni Malwa"
 },
 {
  "city": "Serampore"
 },
 {
  "city": "Shadnagar"
 },
 {
  "city": "Shahada"
 },
 {
  "city": "Shahapur"
 },
 {
  "city": "Shahdol"
 },
 {
  "city": "Shahjahanpur"
 },
 {
  "city": "Shajapur"
 },
 {
  "city": "Shankarampet"
 },
 {
  "city": "Shankarpally."
 },
 {
  "city": "Sheorinarayan."
 },
 {
  "city": "Shikaripur"
 },
 {
  "city": "Shillong"
 },
 {
  "city": "Shimla"
 },
 {
  "city": "Shirali"
 },
 {
  "city": "Shirur"
 },
 {
  "city": "Shivamogga"
 },
 {
  "city": "Shivpuri"
 },
 {
  "city": "Shoranur"
 },
 {
  "city": "Shrirampur Siddhpur"
 },
 {
  "city": "Siddipet"
 },
 {
  "city": "Sidlaghatta"
 },
 {
  "city": "Sikar Silchar"
 },
 {
  "city": "Siliguri"
 },
 {
  "city": "Silvassa"
 },
 {
  "city": "Sindhanur"
 },
 {
  "city": "Sindhudurg"
 },
 {
  "city": "Singapore"
 },
 {
  "city": "Singrauli"
 },
 {
  "city": "Sinnar"
 },
 {
  "city": "Sircilla"
 },
 {
  "city": "Sirohi"
 },
 {
  "city": "Sirsa"
 },
 {
  "city": "Sirsi"
 },
 {
  "city": "Siruguppa"
 },
 {
  "city": "Sitamarhi"
 },
 {
  "city": "Sitapur"
 },
 {
  "city": "Sivaganga"
 },
 {
  "city": "Sivakasi"
 },
 {
  "city": "Sivasagar"
 },
 {
  "city": "Solan"
 },
 {
  "city": "Solapur"
 },
 {
  "city": "Sompetat"
 },
 {
  "city": "Songadh"
 },
 {
  "city": "Sonipat Sonkatch"
 },
 {
  "city": "South 24 Parganas"
 },
 {
  "city": "Sri Ganganagar"
 },
 {
  "city": "Srikakulam"
 },
 {
  "city": "Srinagar"
 },
 {
  "city": "Srirangapatna"
 },
 {
  "city": "Srivaikuntam"
 },
 {
  "city": "Srivilliputhur"
 },
 {
  "city": "Station Ghanpur"
 },
 {
  "city": "Sugauli"
 },
 {
  "city": "Sultanpur"
 },
 {
  "city": "Sulthan Bathery"
 },
 {
  "city": "Sumerpur"
 },
 {
  "city": "Sundargarh"
 },
 {
  "city": "Surajpur"
 },
 {
  "city": "Surat"
 },
 {
  "city": "Surendranagar"
 },
 {
  "city": "Suryapet"
 },
 {
  "city": "Tadepalligudem"
 },
 {
  "city": "Tadikalapudi"
 },
 {
  "city": "Tadipatri"
 },
 {
  "city": "Tallapudi"
 },
 {
  "city": "Tallarevu"
 },
 {
  "city": "Talwandi Bhai"
 },
 {
  "city": "Tamluk"
 },
 {
  "city": "Tanda"
 },
 {
  "city": "Tandur"
 },
 {
  "city": "Tangla"
 },
 {
  "city": "Tangutur"
 },
 {
  "city": "Tanuku"
 },
 {
  "city": "Tarikere"
 },
 {
  "city": "Tasgaon"
 },
 {
  "city": "Tatipaka"
 },
 {
  "city": "Tawang"
 },
 {
  "city": "Tekkali"
 },
 {
  "city": "Telaprolu"
 },
 {
  "city": "Tenali"
 },
 {
  "city": "Tenkasi"
 },
 {
  "city": "Terdal"
 },
 {
  "city": "Tezpur"
 },
 {
  "city": "Thalassery"
 },
 {
  "city": "Thalayolaparambu"
 },
 {
  "city": "Thamarassery"
 },
 {
  "city": "Thanipadi"
 },
 {
  "city": "Thanjavur"
 },
 {
  "city": "Tharad"
 },
 {
  "city": "Theni"
 },
 {
  "city": "Thirubuvanai"
 },
 {
  "city": "Thirumalagiri"
 },
 {
  "city": "Thiruthuraipoondi"
 },
 {
  "city": "Thiruttani"
 },
 {
  "city": "Thiruvalla"
 },
 {
  "city": "Thiruvarur"
 },
 {
  "city": "Thodupuzha"
 },
 {
  "city": "Thoothukudi"
 },
 {
  "city": "Thorrun"
 },
 {
  "city": "Thottiyam"
 },
 {
  "city": "Thrissur"
 },
 {
  "city": "Thullur"
 },
 {
  "city": "Thuraiyur"
 },
 {
  "city": "Tilda Neora"
 },
 {
  "city": "Tindivanam"
 },
 {
  "city": "Tinsukia"
 },
 {
  "city": "Tiptur"
 },
 {
  "city": "Tiruchendur"
 },
 {
  "city": "Tiruchirappalli"
 },
 {
  "city": "Tirukoilur"
 },
 {
  "city": "Tirunelveli"
 },
 {
  "city": "Tirupati"
 },
 {
  "city": "Tirupattur"
 },
 {
  "city": "Tirupur"
 },
 {
  "city": "Tirur"
 },
 {
  "city": "Tiruvallur"
 },
 {
  "city": "Tiruvannamalai"
 },
 {
  "city": "Tiruvuru"
 },
 {
  "city": "Titagarh"
 },
 {
  "city": "Tonk"
 },
 {
  "city": "Toopran"
 },
 {
  "city": "Trichy"
 },
 {
  "city": "Trivandrum"
 },
 {
  "city": "Tumakuru (Tumkur)"
 },
 {
  "city": "Tumsar"
 },
 {
  "city": "Turuvekere"
 },
 {
  "city": "Tuticorin"
 },
 {
  "city": "Udaipur"
 },
 {
  "city": "Udaynarayanpur"
 },
 {
  "city": "Udgir"
 },
 {
  "city": "Udhampur"
 },
 {
  "city": "Udumalpet"
 },
 {
  "city": "Udupi"
 },
 {
  "city": "Ujhani"
 },
 {
  "city": "Ujjain"
 },
 {
  "city": "Ullikkal"
 },
 {
  "city": "Ulundurpet"
 },
 {
  "city": "Umbergaon"
 },
 {
  "city": "Umbraj"
 },
 {
  "city": "Umred"
 },
 {
  "city": "Una"
 },
 {
  "city": "Uppada"
 },
 {
  "city": "Uthamapalayam"
 },
 {
  "city": "Uthukottai"
 },
 {
  "city": "Utraula"
 },
 {
  "city": "Uttarkashi"
 },
 {
  "city": "Vadakara"
 },
 {
  "city": "Vadakkencherry"
 },
 {
  "city": "Vadaluri"
 },
 {
  "city": "Vadanappally"
 },
 {
  "city": "Vadodara"
 },
 {
  "city": "Vaduj"
 },
 {
  "city": "Valigonda"
 },
 {
  "city": "Valluru"
 },
 {
  "city": "Valsad"
 },
 {
  "city": "Vaniyambadi"
 },
 {
  "city": "Vapi"
 },
 {
  "city": "Varadaiahpalem Varadiyam"
 },
 {
  "city": "Varanasi"
 },
 {
  "city": "Varkala"
 },
 {
  "city": "Vatsavai"
 },
 {
  "city": "Vazhapadi"
 },
 {
  "city": "Vedasandur"
 },
 {
  "city": "Veeraghattam"
 },
 {
  "city": "Velangi"
 },
 {
  "city": "Velanthavalam"
 },
 {
  "city": "Vellakoil"
 },
 {
  "city": "Vellore"
 },
 {
  "city": "Vempalli"
 },
 {
  "city": "Vemulawada"
 },
 {
  "city": "Vengurla"
 },
 {
  "city": "Venkatapuram"
 },
 {
  "city": "Veraval"
 },
 {
  "city": "Vetapalem Vettavalam"
 },
 {
  "city": "Vijapur"
 },
 {
  "city": "Vijayapura (Bengaluru Rural)"
 },
 {
  "city": "Vijayapura (Bijapur)"
 },
 {
  "city": "Vijayarai"
 },
 {
  "city": "Vijayawada"
 },
 {
  "city": "Vikarabad"
 },
 {
  "city": "Vikasnagar Vikravandi"
 },
 {
  "city": "Villupuram"
 },
 {
  "city": "Vinukonda"
 },
 {
  "city": "Virudhachalam"
 },
 {
  "city": "Virudhunagar"
 },
 {
  "city": "Visnagar"
 },
 {
  "city": "Vissannapeta"
 },
 {
  "city": "Vita"
 },
 {
  "city": "Vizag (Visakhapatnam)"
 },
 {
  "city": "Vizianagaram"
 },
 {
  "city": "Vrindavan"
 },
 {
  "city": "Vuyyuru"
 },
 {
  "city": "Wadakkancherry"
 },
 {
  "city": "Wai"
 },
 {
  "city": "Waluj"
 },
 {
  "city": "Wanaparthy"
 },
 {
  "city": "Wani"
 },
 {
  "city": "Warangal"
 },
 {
  "city": "Wardha"
 },
 {
  "city": "Warora"
 },
 {
  "city": "Washim"
 },
 {
  "city": "Wayanad"
 },
 {
  "city": "Wyra Yadagirigutta"
 },
 {
  "city": "Wani"
 },
 {
  "city": "Warangal"
 },
 {
  "city": "Wardha"
 },
 {
  "city": "Warora"
 },
 {
  "city": "Washim"
 },
 {
  "city": "Wayanad"
 },
 {
  "city": "Wyra"
 },
 {
  "city": "Yadagirigutta"
 },
 {
  "city": "Yamunanagar"
 },
 {
  "city": "Yanam"
 },
 {
  "city": "Yavatmal"
 },
 {
  "city": "Yelagiri"
 },
 {
  "city": "Yelburga"
 },
 {
  "city": "Yeleswaram"
 },
 {
  "city": "Yellamanchili"
 },
 {
  "city": "Yellandu"
 },
 {
  "city": "Yellareddy"
 },
 {
  "city": "Yemmiganur"
 },
 {
  "city": "Zaheerabad"
 },
 {
  "city": "Zirakpur"
 }
]